index,codec,type,preset,threads,ref_name,ref_type,infile_option,outfile_filename,outfile_size_kbyte,outfile_bit_rate_kbs,outfile_options,enc_sec,enc_time,comp_ratio_persent,enc_speed,ssim_min,ssim_mean,vmaf_min,vmaf_mean
0,hevc_qsv,CQP,veryslow,4,ABBB,Anime,-hwaccel qsv -c:v mpeg2_qsv,videos/dist/hevc_qsv-default-cqp/e8a6e4cfd666,171282.52734375,11416.931640625,-q:v 18,12.496634721755981,00:00:12,0.3619194016266568,9.6041856605644,0.992581,0.997989,81.724725,98.001113
1,hevc_qsv,CQP,veryslow,4,ASintel,Anime,-hwaccel qsv -c:v mpeg2_qsv,videos/dist/hevc_qsv-default-cqp/84278f09ba12,57571.4990234375,3838.546875,-q:v 18,12.528977632522583,00:00:12,0.7360389029947021,9.576679240654213,0.994233,0.998065,87.971852,96.533115
2,hevc_qsv,CQP,veryslow,4,AToS,Anime,-hwaccel qsv -c:v mpeg2_qsv,videos/dist/hevc_qsv-default-cqp/d07893716cc2,86102.9287109375,5740.8642578125,-q:v 18,12.58506965637207,00:00:12,0.678016376439014,9.533995700949395,0.994324,0.998235,90.988554,97.662045
3,hevc_qsv,CQP,veryslow,4,NAir,Nature,-hwaccel qsv -c:v mpeg2_qsv,videos/dist/hevc_qsv-default-cqp/b18f669fccea,46479.4990234375,3098.994140625,-q:v 18,12.273979425430298,00:00:12,0.728037383423223,9.775639655334812,0.99523,0.997468,87.387217,94.378414
4,hevc_qsv,CQP,veryslow,4,NArmy,Nature,-hwaccel qsv -c:v mpeg2_qsv,videos/dist/hevc_qsv-default-cqp/7dbad7433977,219951.966796875,14665.1748046875,-q:v 18,12.416398286819458,00:00:12,0.16453208594711477,9.663510885227508,0.993352,0.99805,88.538514,96.222227
5,hevc_qsv,CQP,veryslow,4,NNavy,Nature,-hwaccel qsv -c:v mpeg2_qsv,videos/dist/hevc_qsv-default-cqp/b73c3fe04ef7,188524.890625,12569.7919921875,-q:v 18,12.450727462768555,00:00:12,0.2832516286288912,9.636866629584052,0.994451,0.998014,88.758271,96.421499
6,hevc_qsv,CQP,veryslow,4,ABBB,Anime,-hwaccel qsv -c:v mpeg2_qsv,videos/dist/hevc_qsv-default-cqp/65b801b4d0e5,136902.33203125,9125.30078125,-q:v 19,12.48153042793274,00:00:12,0.4899963043755634,9.615807988690564,0.990593,0.997595,79.616662,97.50026
7,hevc_qsv,CQP,veryslow,4,ASintel,Anime,-hwaccel qsv -c:v mpeg2_qsv,videos/dist/hevc_qsv-default-cqp/795b7ec3579f,45373.21875,3025.2333984375,-q:v 19,12.496194124221802,00:00:12,0.7919671226376166,9.601803461697752,0.991465,0.997619,85.078405,95.730238
8,hevc_qsv,CQP,veryslow,4,AToS,Anime,-hwaccel qsv -c:v mpeg2_qsv,videos/dist/hevc_qsv-default-cqp/bbf8a7ca9460,67119.5166015625,4475.15625,-q:v 19,12.593116044998169,00:00:12,0.7490052255993983,9.52790394142814,0.992675,0.997807,89.885647,97.09871
9,hevc_qsv,CQP,veryslow,4,NAir,Nature,-hwaccel qsv -c:v mpeg2_qsv,videos/dist/hevc_qsv-default-cqp/1e831430df3b,36168.5908203125,2411.5205078125,-q:v 19,12.267699241638184,00:00:12,0.7883689625736525,9.780644083020208,0.994267,0.996946,84.394482,93.375142
10,hevc_qsv,CQP,veryslow,4,NArmy,Nature,-hwaccel qsv -c:v mpeg2_qsv,videos/dist/hevc_qsv-default-cqp/eed2148694c1,177429.3994140625,11830.005859375,-q:v 19,12.416229248046875,00:00:12,0.3260502627966084,9.663642447555025,0.990898,0.997273,85.9665,94.901546
11,hevc_qsv,CQP,veryslow,4,NNavy,Nature,-hwaccel qsv -c:v mpeg2_qsv,videos/dist/hevc_qsv-default-cqp/ecde5bc2aef6,151911.1962890625,10128.5947265625,-q:v 19,12.471640348434448,00:00:12,0.4224523765946496,9.620707192303033,0.991307,0.997235,86.513065,95.237517
12,hevc_qsv,CQP,veryslow,4,ABBB,Anime,-hwaccel qsv -c:v mpeg2_qsv,videos/dist/hevc_qsv-default-cqp/a127357a5c0d,116493.0615234375,7764.9091796875,-q:v 20,12.485214471817017,00:00:12,0.5660271741901641,9.612970627851222,0.989117,0.997251,78.71855,97.106345
13,hevc_qsv,CQP,veryslow,4,ASintel,Anime,-hwaccel qsv -c:v mpeg2_qsv,videos/dist/hevc_qsv-default-cqp/722566cccfb4,38734.0693359375,2582.572265625,-q:v 20,12.488640785217285,00:00:12,0.8224071353564895,9.607610793163863,0.989718,0.997297,83.405036,95.182286
14,hevc_qsv,CQP,veryslow,4,AToS,Anime,-hwaccel qsv -c:v mpeg2_qsv,videos/dist/hevc_qsv-default-cqp/4c22d1dec776,56800.8486328125,3787.1650390625,-q:v 20,12.591193675994873,00:00:12,0.7875920907925071,9.529358620601116,0.991604,0.997527,89.018474,96.747969
15,hevc_qsv,CQP,veryslow,4,NAir,Nature,-hwaccel qsv -c:v mpeg2_qsv,videos/dist/hevc_qsv-default-cqp/9d45d093f9c4,29966.748046875,1998.015625,-q:v 20,12.289406061172485,00:00:12,0.8246574214361572,9.763368498261876,0.99351,0.996603,82.869979,92.756955
16,hevc_qsv,CQP,veryslow,4,NArmy,Nature,-hwaccel qsv -c:v mpeg2_qsv,videos/dist/hevc_qsv-default-cqp/e21e2f451d61,154959.744140625,10331.8544921875,-q:v 20,12.417853116989136,00:00:12,0.4113992428224281,9.66237874370124,0.988609,0.996761,84.381706,94.038608
17,hevc_qsv,CQP,veryslow,4,NNavy,Nature,-hwaccel qsv -c:v mpeg2_qsv,videos/dist/hevc_qsv-default-cqp/ca73948ef259,131070.9091796875,8739.080078125,-q:v 20,12.475388288497925,00:00:12,0.5016845766242093,9.617816874736064,0.988924,0.996666,85.304501,94.426472
18,hevc_qsv,CQP,veryslow,4,ABBB,Anime,-hwaccel qsv -c:v mpeg2_qsv,videos/dist/hevc_qsv-default-cqp/f3894a2bf82c,99081.212890625,6604.3125,-q:v 21,12.490751266479492,00:00:12,0.6308917168070177,9.608709471470208,0.987771,0.996896,77.078565,96.671125
19,hevc_qsv,CQP,veryslow,4,ASintel,Anime,-hwaccel qsv -c:v mpeg2_qsv,videos/dist/hevc_qsv-default-cqp/f42037665044,33663.5810546875,2244.5,-q:v 21,12.47679352760315,00:00:12,0.8456549519284775,9.61673363709577,0.987532,0.996946,81.865688,94.549735
20,hevc_qsv,CQP,veryslow,4,AToS,Anime,-hwaccel qsv -c:v mpeg2_qsv,videos/dist/hevc_qsv-default-cqp/b3b0f3cdb080,49299.814453125,3287.037109375,-q:v 21,12.593139410018921,00:00:12,0.8156423580922278,9.527886263574663,0.99037,0.997219,87.746909,96.349502
21,hevc_qsv,CQP,veryslow,4,NAir,Nature,-hwaccel qsv -c:v mpeg2_qsv,videos/dist/hevc_qsv-default-cqp/68aa348ea2f8,25738.994140625,1716.1328125,-q:v 21,12.280324220657349,00:00:12,0.849395016262785,9.77058893918823,0.992736,0.996268,81.750059,92.11412
22,hevc_qsv,CQP,veryslow,4,NArmy,Nature,-hwaccel qsv -c:v mpeg2_qsv,videos/dist/hevc_qsv-default-cqp/0c490c7953e7,136805.05859375,9121.4013671875,-q:v 21,12.410236358642578,00:00:12,0.4803581954747633,9.668309009799067,0.984961,0.996184,82.485961,93.101536
23,hevc_qsv,CQP,veryslow,4,NNavy,Nature,-hwaccel qsv -c:v mpeg2_qsv,videos/dist/hevc_qsv-default-cqp/c477f683ba3e,113744.1416015625,7583.8271484375,-q:v 21,12.492826223373413,00:00:12,0.5675588089421564,9.60439198101648,0.986152,0.996009,83.600258,93.476022
24,hevc_qsv,CQP,veryslow,4,ABBB,Anime,-hwaccel qsv -c:v mpeg2_qsv,videos/dist/hevc_qsv-default-cqp/939515080702,82754.4130859375,5516.041015625,-q:v 22,12.49074125289917,00:00:12,0.6917141156264203,9.608717174582628,0.986517,0.996471,76.497587,96.190656
25,hevc_qsv,CQP,veryslow,4,ASintel,Anime,-hwaccel qsv -c:v mpeg2_qsv,videos/dist/hevc_qsv-default-cqp/d43610eb54a2,28989.3994140625,1932.8515625,-q:v 22,12.489699840545654,00:00:12,0.8670857316439599,9.606796122552614,0.98531,0.996544,80.512316,93.862266
26,hevc_qsv,CQP,veryslow,4,AToS,Anime,-hwaccel qsv -c:v mpeg2_qsv,videos/dist/hevc_qsv-default-cqp/b77faa7bdcd4,42378.5771484375,2825.5673828125,-q:v 22,12.613662719726562,00:00:12,0.8415244633847236,9.512383727555468,0.989253,0.996872,86.380551,95.901712
27,hevc_qsv,CQP,veryslow,4,NAir,Nature,-hwaccel qsv -c:v mpeg2_qsv,videos/dist/hevc_qsv-default-cqp/4f08c482aa21,21797.134765625,1453.3115234375,-q:v 22,12.28234338760376,00:00:12,0.8724597741092953,9.768982694385395,0.991647,0.995896,80.308005,91.416855
28,hevc_qsv,CQP,veryslow,4,NArmy,Nature,-hwaccel qsv -c:v mpeg2_qsv,videos/dist/hevc_qsv-default-cqp/0dc5ff218c49,119864.8251953125,7991.919921875,-q:v 22,12.40998649597168,00:00:12,0.5447041600372529,9.668503671534843,0.981915,0.99553,80.447695,92.110274
29,hevc_qsv,CQP,veryslow,4,NNavy,Nature,-hwaccel qsv -c:v mpeg2_qsv,videos/dist/hevc_qsv-default-cqp/55b497555640,97913.50390625,6528.328125,-q:v 22,12.479438781738281,00:00:12,0.627744940058663,9.614695187701939,0.983094,0.995257,81.76807,92.449868
30,hevc_qsv,CQP,veryslow,4,ABBB,Anime,-hwaccel qsv -c:v mpeg2_qsv,videos/dist/hevc_qsv-default-cqp/1ca7734b0e67,59957.62890625,3996.5087890625,-q:v 23,12.474926233291626,00:00:12,0.7766392152028059,9.620898573308164,0.983942,0.995781,74.028034,95.3288
31,hevc_qsv,CQP,veryslow,4,ASintel,Anime,-hwaccel qsv -c:v mpeg2_qsv,videos/dist/hevc_qsv-default-cqp/5b2798373a4b,23527.4462890625,1568.6787109375,-q:v 23,12.47093677520752,00:00:12,0.892128385789192,9.621249964039162,0.980397,0.995761,78.431347,92.432326
32,hevc_qsv,CQP,veryslow,4,AToS,Anime,-hwaccel qsv -c:v mpeg2_qsv,videos/dist/hevc_qsv-default-cqp/5a2bb0778833,34404.5322265625,2293.90234375,-q:v 23,12.57007360458374,00:00:12,0.8713435638128052,9.54536972291447,0.986075,0.996154,85.357065,94.935093
33,hevc_qsv,CQP,veryslow,4,NAir,Nature,-hwaccel qsv -c:v mpeg2_qsv,videos/dist/hevc_qsv-default-cqp/20694437a39a,17753.5087890625,1183.705078125,-q:v 23,12.305614948272705,00:00:12,0.8961199925744131,9.750508243949401,0.989585,0.995332,77.113152,90.201164
34,hevc_qsv,CQP,veryslow,4,NArmy,Nature,-hwaccel qsv -c:v mpeg2_qsv,videos/dist/hevc_qsv-default-cqp/95d25afca084,97623.998046875,6509.025390625,-q:v 23,12.418278217315674,00:00:12,0.6291839568543272,9.662047982843156,0.975777,0.994125,76.201535,90.124604
35,hevc_qsv,CQP,veryslow,4,NNavy,Nature,-hwaccel qsv -c:v mpeg2_qsv,videos/dist/hevc_qsv-default-cqp/39e18e2bd2a0,77692.1357421875,5180.0791015625,-q:v 23,12.471421241760254,00:00:12,0.7046240866288476,9.62087621563369,0.976755,0.993676,77.777581,90.286599
36,hevc_qsv,CQP,veryslow,4,ABBB,Anime,-hwaccel qsv -c:v mpeg2_qsv,videos/dist/hevc_qsv-default-cqp/b2f6c7da48a8,48851.1240234375,3256.1982421875,-q:v 24,12.472066402435303,00:00:12,0.8180143945124779,9.623104634574814,0.981997,0.995198,73.52025,94.725448
37,hevc_qsv,CQP,veryslow,4,ASintel,Anime,-hwaccel qsv -c:v mpeg2_qsv,videos/dist/hevc_qsv-default-cqp/d90f7f87144f,20244.064453125,1349.76171875,-q:v 24,12.451850891113281,00:00:12,0.9071824504913895,9.635997174173713,0.977098,0.995163,76.999787,91.385285
38,hevc_qsv,CQP,veryslow,4,AToS,Anime,-hwaccel qsv -c:v mpeg2_qsv,videos/dist/hevc_qsv-default-cqp/6640b9dba887,29549.3994140625,1970.189453125,-q:v 24,12.57648515701294,00:00:12,0.8894994300445658,9.540503447665824,0.98391,0.995626,83.875878,94.217895
39,hevc_qsv,CQP,veryslow,4,NAir,Nature,-hwaccel qsv -c:v mpeg2_qsv,videos/dist/hevc_qsv-default-cqp/ca37ddd31293,15047.564453125,1003.287109375,-q:v 24,12.276418685913086,00:00:12,0.9119531172288243,9.773697286626534,0.988178,0.994898,75.782551,89.32292
40,hevc_qsv,CQP,veryslow,4,NArmy,Nature,-hwaccel qsv -c:v mpeg2_qsv,videos/dist/hevc_qsv-default-cqp/1cd6f979d707,85002.892578125,5667.5205078125,-q:v 24,12.416829347610474,00:00:12,0.6771240994799026,9.663175408228543,0.972813,0.993103,73.458799,88.824552
41,hevc_qsv,CQP,veryslow,4,NNavy,Nature,-hwaccel qsv -c:v mpeg2_qsv,videos/dist/hevc_qsv-default-cqp/392482001ee4,66910.69140625,4461.232421875,-q:v 24,12.461758375167847,00:00:12,0.7456138076316969,9.628336257834395,0.97391,0.992604,75.182348,88.936621
42,hevc_qsv,CQP,veryslow,4,ABBB,Anime,-hwaccel qsv -c:v mpeg2_qsv,videos/dist/hevc_qsv-default-cqp/f8d49f087116,40634.9736328125,2708.5458984375,-q:v 25,12.46987509727478,00:00:12,0.8486221058702977,9.624795682695305,0.980673,0.994621,72.977994,94.14365
43,hevc_qsv,CQP,veryslow,4,ASintel,Anime,-hwaccel qsv -c:v mpeg2_qsv,videos/dist/hevc_qsv-default-cqp/081b00e39b74,17668.0302734375,1178.005859375,-q:v 25,12.462768077850342,00:00:12,0.9189933781123055,9.62755619381597,0.973992,0.99451,75.153708,90.312346
44,hevc_qsv,CQP,veryslow,4,AToS,Anime,-hwaccel qsv -c:v mpeg2_qsv,videos/dist/hevc_qsv-default-cqp/3f4b7c1bb986,25843.345703125,1723.08984375,-q:v 25,12.597218990325928,00:00:12,0.9033582919999514,9.524800679589964,0.981645,0.995036,82.16953,93.407981
45,hevc_qsv,CQP,veryslow,4,NAir,Nature,-hwaccel qsv -c:v mpeg2_qsv,videos/dist/hevc_qsv-default-cqp/1f9ca0206bf4,12993.78515625,866.3525390625,-q:v 25,12.304768562316895,00:00:12,0.9239702689448462,9.751178934600583,0.987067,0.99446,74.180306,88.409712
46,hevc_qsv,CQP,veryslow,4,NArmy,Nature,-hwaccel qsv -c:v mpeg2_qsv,videos/dist/hevc_qsv-default-cqp/d7b3f8537b7a,74413.4072265625,4961.4716796875,-q:v 25,12.415112972259521,00:00:12,0.717347314422708,9.664511331318383,0.970808,0.991956,70.216038,87.437967
47,hevc_qsv,CQP,veryslow,4,NNavy,Nature,-hwaccel qsv -c:v mpeg2_qsv,videos/dist/hevc_qsv-default-cqp/84ecffacb742,58149.6943359375,3877.09765625,-q:v 25,12.45962905883789,00:00:12,0.7789220374411184,9.629981714013491,0.970141,0.991451,72.546667,87.550513
48,hevc_qsv,CQP,veryslow,4,ABBB,Anime,-hwaccel qsv -c:v mpeg2_qsv,videos/dist/hevc_qsv-default-cqp/402a8656c395,33894.8642578125,2259.2802734375,-q:v 26,12.47129774093628,00:00:12,0.8737311061273442,9.623697749276053,0.979328,0.993854,71.455064,93.406423
49,hevc_qsv,CQP,veryslow,4,ASintel,Anime,-hwaccel qsv -c:v mpeg2_qsv,videos/dist/hevc_qsv-default-cqp/8b51dbb119b1,15263.4853515625,1017.68359375,-q:v 26,12.444522380828857,00:00:12,0.9300180400742644,9.641671759523842,0.970129,0.993681,72.592001,88.970914
50,hevc_qsv,CQP,veryslow,4,AToS,Anime,-hwaccel qsv -c:v mpeg2_qsv,videos/dist/hevc_qsv-default-cqp/bf9a7dde01bd,22432.3037109375,1495.6611328125,-q:v 26,12.544179201126099,00:00:12,0.9161139517342491,9.565073814413365,0.978435,0.994298,79.198409,92.365551
51,hevc_qsv,CQP,veryslow,4,NAir,Nature,-hwaccel qsv -c:v mpeg2_qsv,videos/dist/hevc_qsv-default-cqp/0d81fccb3c9e,11154.2119140625,743.7001953125,-q:v 26,12.280884504318237,00:00:12,0.9347340500277203,9.770143181283906,0.985638,0.993891,72.725736,87.297939
52,hevc_qsv,CQP,veryslow,4,NArmy,Nature,-hwaccel qsv -c:v mpeg2_qsv,videos/dist/hevc_qsv-default-cqp/31a2b9a65515,64138.3447265625,4276.3876953125,-q:v 26,12.41121244430542,00:00:12,0.7563762222276824,9.667548641071939,0.968846,0.990518,67.062474,85.783171
53,hevc_qsv,CQP,veryslow,4,NNavy,Nature,-hwaccel qsv -c:v mpeg2_qsv,videos/dist/hevc_qsv-default-cqp/813b3ee29dde,50062.240234375,3337.8720703125,-q:v 26,12.442412853240967,00:00:12,0.8096695399943162,9.643306440257396,0.965446,0.990052,70.425459,85.951847
54,hevc_qsv,CQP,veryslow,4,ABBB,Anime,-hwaccel qsv -c:v mpeg2_qsv,videos/dist/hevc_qsv-default-cqp/9cb56c775872,28132.3955078125,1875.1796875,-q:v 27,12.455150127410889,00:00:12,0.8951980914943245,9.6361744958709,0.978701,0.992913,70.842193,92.416962
55,hevc_qsv,CQP,veryslow,4,ASintel,Anime,-hwaccel qsv -c:v mpeg2_qsv,videos/dist/hevc_qsv-default-cqp/e296cda50dda,12878.455078125,858.6630859375,-q:v 27,12.447237968444824,00:00:12,0.9409532288056037,9.639568256361635,0.963727,0.992274,66.505703,86.748596
56,hevc_qsv,CQP,veryslow,4,AToS,Anime,-hwaccel qsv -c:v mpeg2_qsv,videos/dist/hevc_qsv-default-cqp/f4263e642721,18979.1728515625,1265.42578125,-q:v 27,12.541412115097046,00:00:12,0.9290270036289704,9.567184213296347,0.970917,0.992939,76.076859,90.45395
57,hevc_qsv,CQP,veryslow,4,NAir,Nature,-hwaccel qsv -c:v mpeg2_qsv,videos/dist/hevc_qsv-default-cqp/c53ec506444e,9476.310546875,631.8271484375,-q:v 27,12.279015064239502,00:00:12,0.9445518504723412,9.771630653784145,0.983596,0.993171,69.556852,85.673889
58,hevc_qsv,CQP,veryslow,4,NArmy,Nature,-hwaccel qsv -c:v mpeg2_qsv,videos/dist/hevc_qsv-default-cqp/d88662e48d93,53015.705078125,3534.7919921875,-q:v 27,12.399730682373047,00:00:12,0.7986245761804511,9.676500488076504,0.961582,0.987841,60.343517,82.914966
59,hevc_qsv,CQP,veryslow,4,NNavy,Nature,-hwaccel qsv -c:v mpeg2_qsv,videos/dist/hevc_qsv-default-cqp/e9d213a24fbe,41526.982421875,2768.7880859375,-q:v 27,12.423219919204712,00:00:12,0.8421195370003384,9.658204618475517,0.955691,0.98752,64.586245,83.155515
60,hevc_qsv,CQP,veryslow,4,ABBB,Anime,-hwaccel qsv -c:v mpeg2_qsv,videos/dist/hevc_qsv-default-cqp/e83bf15cf48a,24012.0693359375,1600.537109375,-q:v 28,12.448126316070557,00:00:12,0.9105475858649147,9.641611673320982,0.977949,0.991895,69.747214,91.504695
61,hevc_qsv,CQP,veryslow,4,ASintel,Anime,-hwaccel qsv -c:v mpeg2_qsv,videos/dist/hevc_qsv-default-cqp/ea7e0f940b9c,11178.2060546875,745.2998046875,-q:v 28,12.442163944244385,00:00:12,0.948748745771838,9.64349935732074,0.959367,0.991135,63.485097,85.105399
62,hevc_qsv,CQP,veryslow,4,AToS,Anime,-hwaccel qsv -c:v mpeg2_qsv,videos/dist/hevc_qsv-default-cqp/98fbff8b3166,16613.22265625,1107.6767578125,-q:v 28,12.560595035552979,00:00:12,0.9378745216920206,9.552572920341559,0.965039,0.991903,73.58458,89.053744
63,hevc_qsv,CQP,veryslow,4,NAir,Nature,-hwaccel qsv -c:v mpeg2_qsv,videos/dist/hevc_qsv-default-cqp/db12e9e2ad16,8147.4853515625,543.228515625,-q:v 28,12.306653261184692,00:00:12,0.95232712311261,9.749685593112227,0.981292,0.992457,67.3014,84.370501
64,hevc_qsv,CQP,veryslow,4,NArmy,Nature,-hwaccel qsv -c:v mpeg2_qsv,videos/dist/hevc_qsv-default-cqp/9066906e77da,44994.00390625,2999.9501953125,-q:v 28,12.41582465171814,00:00:12,0.8290942921044335,9.663957358112011,0.955435,0.985845,56.498898,80.867779
65,hevc_qsv,CQP,veryslow,4,NNavy,Nature,-hwaccel qsv -c:v mpeg2_qsv,videos/dist/hevc_qsv-default-cqp/923b4ccaf476,35764.080078125,2384.5498046875,-q:v 28,12.426053285598755,00:00:12,0.8640293806053918,9.65600237197264,0.94981,0.985787,61.529572,81.377997
66,hevc_qsv,CQP,veryslow,4,ABBB,Anime,-hwaccel qsv -c:v mpeg2_qsv,videos/dist/hevc_qsv-default-cqp/459f102e7b82,20371.978515625,1357.9052734375,-q:v 29,12.43679428100586,00:00:12,0.924108054435634,9.650396821574912,0.977356,0.990759,68.591945,90.466316
67,hevc_qsv,CQP,veryslow,4,ASintel,Anime,-hwaccel qsv -c:v mpeg2_qsv,videos/dist/hevc_qsv-default-cqp/c7e42c3a0033,9674.5244140625,645.04296875,-q:v 29,12.438699722290039,00:00:12,0.9556430157168418,9.64618510606749,0.953627,0.989812,59.576539,83.290076
68,hevc_qsv,CQP,veryslow,4,AToS,Anime,-hwaccel qsv -c:v mpeg2_qsv,videos/dist/hevc_qsv-default-cqp/abbfdc115afe,14536.103515625,969.1865234375,-q:v 29,12.561582088470459,00:00:12,0.9456419502508283,9.551822306692413,0.960364,0.990656,69.290241,87.423326
69,hevc_qsv,CQP,veryslow,4,NAir,Nature,-hwaccel qsv -c:v mpeg2_qsv,videos/dist/hevc_qsv-default-cqp/bd405ce2007e,7016.462890625,467.818359375,-q:v 29,12.291332244873047,00:00:12,0.9589450048528706,9.761838473616113,0.979511,0.99162,65.00684,82.869054
70,hevc_qsv,CQP,veryslow,4,NArmy,Nature,-hwaccel qsv -c:v mpeg2_qsv,videos/dist/hevc_qsv-default-cqp/b1e72839a2bd,37879.580078125,2525.599609375,-q:v 29,12.412975549697876,00:00:12,0.8561177960172713,9.666175488674059,0.946488,0.98348,52.978904,78.530732
71,hevc_qsv,CQP,veryslow,4,NNavy,Nature,-hwaccel qsv -c:v mpeg2_qsv,videos/dist/hevc_qsv-default-cqp/23f62a83b4ad,30684.3876953125,2045.8642578125,-q:v 29,12.444783449172974,00:00:12,0.8833417442427707,9.641469495234468,0.943725,0.983743,58.21804,79.383391
72,hevc_qsv,CQP,veryslow,4,ABBB,Anime,-hwaccel qsv -c:v mpeg2_qsv,videos/dist/hevc_qsv-default-cqp/75954fde98d8,17322.5400390625,1154.6435546875,-q:v 30,12.430267572402954,00:00:12,0.9354681596255969,9.65546391506988,0.976156,0.989383,65.161475,89.243322
73,hevc_qsv,CQP,veryslow,4,ASintel,Anime,-hwaccel qsv -c:v mpeg2_qsv,videos/dist/hevc_qsv-default-cqp/7ea7b76a5cef,8500.77734375,566.7841796875,-q:v 30,12.434486627578735,00:00:12,0.9610245598757027,9.649453459049953,0.948696,0.988256,55.597642,81.174292
74,hevc_qsv,CQP,veryslow,4,AToS,Anime,-hwaccel qsv -c:v mpeg2_qsv,videos/dist/hevc_qsv-default-cqp/0d982d752e4c,12962.3076171875,864.25390625,-q:v 30,12.537182569503784,00:00:12,0.9515271914814202,9.570411799845791,0.953257,0.989197,65.793281,85.579584
75,hevc_qsv,CQP,veryslow,4,NAir,Nature,-hwaccel qsv -c:v mpeg2_qsv,videos/dist/hevc_qsv-default-cqp/4a3a1fa824a1,6161.0,410.78125,-q:v 30,12.291649341583252,00:00:12,0.9639505219304405,9.761586640295821,0.97808,0.990654,61.286275,81.15786
76,hevc_qsv,CQP,veryslow,4,NArmy,Nature,-hwaccel qsv -c:v mpeg2_qsv,videos/dist/hevc_qsv-default-cqp/6e259a0499ac,32187.6357421875,2146.091796875,-q:v 30,12.406522989273071,00:00:12,0.8777381385425214,9.671202810307312,0.936082,0.980746,48.325078,75.873021
77,hevc_qsv,CQP,veryslow,4,NNavy,Nature,-hwaccel qsv -c:v mpeg2_qsv,videos/dist/hevc_qsv-default-cqp/b0fe9f297b7e,26495.9287109375,1766.6005859375,-q:v 30,12.42654037475586,00:00:12,0.8992657484718832,9.655623880943399,0.93695,0.981482,54.837715,77.248923
78,hevc_qsv,CQP,veryslow,4,ABBB,Anime,-hwaccel qsv -c:v mpeg2_qsv,videos/dist/hevc_qsv-default-cqp/4caa6e26a1b5,14803.126953125,986.7099609375,-q:v 31,12.41133975982666,00:00:12,0.9448537556601436,9.6701889016433,0.971403,0.987803,58.106044,87.766268
79,hevc_qsv,CQP,veryslow,4,ASintel,Anime,-hwaccel qsv -c:v mpeg2_qsv,videos/dist/hevc_qsv-default-cqp/46dae8459e3a,7314.783203125,487.708984375,-q:v 31,12.40008807182312,00:00:12,0.9664622559529541,9.676221596574441,0.936558,0.98567,48.541646,77.777758
80,hevc_qsv,CQP,veryslow,4,AToS,Anime,-hwaccel qsv -c:v mpeg2_qsv,videos/dist/hevc_qsv-default-cqp/85b684ad8406,11205.6669921875,747.130859375,-q:v 31,12.517062902450562,00:00:12,0.9580961842230119,9.585795081089623,0.938055,0.98658,60.793749,82.504244
81,hevc_qsv,CQP,veryslow,4,NAir,Nature,-hwaccel qsv -c:v mpeg2_qsv,videos/dist/hevc_qsv-default-cqp/6db31f9f5907,5433.01953125,362.2431640625,-q:v 31,12.281254053115845,00:00:12,0.9682101090012522,9.769849193011252,0.973108,0.989453,57.874675,78.793107
82,hevc_qsv,CQP,veryslow,4,NArmy,Nature,-hwaccel qsv -c:v mpeg2_qsv,videos/dist/hevc_qsv-default-cqp/1a754f822ffe,26660.8916015625,1777.599609375,-q:v 31,12.390336990356445,00:00:12,0.8987309828708293,9.683836694142105,0.914777,0.976014,40.313104,71.818078
83,hevc_qsv,CQP,veryslow,4,NNavy,Nature,-hwaccel qsv -c:v mpeg2_qsv,videos/dist/hevc_qsv-default-cqp/35d5f5f9e4a8,22366.78125,1491.2919921875,-q:v 31,12.398132562637329,00:00:12,0.9149642576075551,9.677747789339382,0.921338,0.977571,48.558445,73.736494
84,hevc_qsv,CQP,veryslow,4,ABBB,Anime,-hwaccel qsv -c:v mpeg2_qsv,videos/dist/hevc_qsv-default-cqp/bda4a0aef1cb,12228.8515625,815.1201171875,-q:v 32,12.400645971298218,00:00:12,0.954443730814651,9.678528060376129,0.967655,0.985915,54.49682,86.056726
85,hevc_qsv,CQP,veryslow,4,ASintel,Anime,-hwaccel qsv -c:v mpeg2_qsv,videos/dist/hevc_qsv-default-cqp/8cbc4bbd609b,6371.6181640625,424.8232421875,-q:v 32,12.387899398803711,00:00:12,0.9707865984243327,9.685742201909305,0.928722,0.983551,44.430821,75.183342
86,hevc_qsv,CQP,veryslow,4,AToS,Anime,-hwaccel qsv -c:v mpeg2_qsv,videos/dist/hevc_qsv-default-cqp/f1beba1e775b,9869.6435546875,658.052734375,-q:v 32,12.516343355178833,00:00:12,0.963092270581617,9.586346155193475,0.93232,0.984476,57.092951,80.146392
87,hevc_qsv,CQP,veryslow,4,NAir,Nature,-hwaccel qsv -c:v mpeg2_qsv,videos/dist/hevc_qsv-default-cqp/b98aa61882b1,4754.4072265625,316.9970703125,-q:v 32,12.282572984695435,00:00:12,0.9721808311884889,9.768800083623134,0.96851,0.988144,55.401671,76.703953
88,hevc_qsv,CQP,veryslow,4,NArmy,Nature,-hwaccel qsv -c:v mpeg2_qsv,videos/dist/hevc_qsv-default-cqp/b90fc2c70c92,22518.287109375,1501.3935546875,-q:v 32,12.37825894355774,00:00:12,0.914466296286009,9.693285666999774,0.903064,0.972523,36.318993,68.828062
89,hevc_qsv,CQP,veryslow,4,NNavy,Nature,-hwaccel qsv -c:v mpeg2_qsv,videos/dist/hevc_qsv-default-cqp/a41033fca418,19080.4345703125,1272.1767578125,-q:v 32,12.381964921951294,00:00:12,0.9274585421692272,9.690384422530832,0.909589,0.974641,45.15963,71.315119
90,hevc_qsv,CQP,veryslow,4,ABBB,Anime,-hwaccel qsv -c:v mpeg2_qsv,videos/dist/hevc_qsv-default-cqp/2806885584b2,10297.7919921875,686.404296875,-q:v 33,12.390599966049194,00:00:12,0.9616375273170035,9.686375181900814,0.96263,0.98413,51.42066,84.447827
91,hevc_qsv,CQP,veryslow,4,ASintel,Anime,-hwaccel qsv -c:v mpeg2_qsv,videos/dist/hevc_qsv-default-cqp/1fa1637fe78d,5642.3603515625,376.201171875,-q:v 33,12.407610177993774,00:00:12,0.9741301919637126,9.67035539308029,0.922308,0.981453,40.346479,72.668035
92,hevc_qsv,CQP,veryslow,4,AToS,Anime,-hwaccel qsv -c:v mpeg2_qsv,videos/dist/hevc_qsv-default-cqp/dc0184025399,8783.521484375,585.6357421875,-q:v 33,12.495882272720337,00:00:12,0.9671538457807931,9.602043087580979,0.922783,0.982376,54.320424,77.906412
93,hevc_qsv,CQP,veryslow,4,NAir,Nature,-hwaccel qsv -c:v mpeg2_qsv,videos/dist/hevc_qsv-default-cqp/10d4b1acf1b4,4225.2392578125,281.71484375,-q:v 33,12.286338567733765,00:00:12,0.9752771189801731,9.765806089301966,0.96609,0.986871,53.247939,74.679731
94,hevc_qsv,CQP,veryslow,4,NArmy,Nature,-hwaccel qsv -c:v mpeg2_qsv,videos/dist/hevc_qsv-default-cqp/1071e6e7d1db,19366.447265625,1291.2470703125,-q:v 33,12.387335777282715,00:00:12,0.9264382786148525,9.68618290141483,0.889465,0.969116,32.094449,66.068789
95,hevc_qsv,CQP,veryslow,4,NNavy,Nature,-hwaccel qsv -c:v mpeg2_qsv,videos/dist/hevc_qsv-default-cqp/70985d44aff7,16540.28515625,1102.8134765625,-q:v 33,12.36793041229248,00:00:12,0.93711587680304,9.701380586742788,0.902151,0.971826,41.87629,69.072147
96,hevc_qsv,CQP,veryslow,4,ABBB,Anime,-hwaccel qsv -c:v mpeg2_qsv,videos/dist/hevc_qsv-default-cqp/dbb0ec8ea481,8557.609375,570.412109375,-q:v 34,12.392345905303955,00:00:12,0.9681202479007875,9.685010482852253,0.95659,0.981709,47.956485,82.198359
97,hevc_qsv,CQP,veryslow,4,ASintel,Anime,-hwaccel qsv -c:v mpeg2_qsv,videos/dist/hevc_qsv-default-cqp/41eab8f76e3e,4967.98046875,331.2373046875,-q:v 34,12.39324402809143,00:00:12,0.9772221742237719,9.6815651921346,0.916356,0.978847,35.452287,69.630553
98,hevc_qsv,CQP,veryslow,4,AToS,Anime,-hwaccel qsv -c:v mpeg2_qsv,videos/dist/hevc_qsv-default-cqp/57f6a45c79b0,7762.6748046875,517.5712890625,-q:v 34,12.498078346252441,00:00:12,0.9709713223515317,9.600355884789112,0.91449,0.979684,49.686214,75.236091
99,hevc_qsv,CQP,veryslow,4,NAir,Nature,-hwaccel qsv -c:v mpeg2_qsv,videos/dist/hevc_qsv-default-cqp/d099727cdf22,3746.91015625,249.822265625,-q:v 34,12.288907289505005,00:00:12,0.9780759364540912,9.763764765519117,0.96093,0.985185,50.153909,72.177284
100,hevc_qsv,CQP,veryslow,4,NArmy,Nature,-hwaccel qsv -c:v mpeg2_qsv,videos/dist/hevc_qsv-default-cqp/a86a00e3bd84,16507.66796875,1100.638671875,-q:v 34,12.386183977127075,00:00:12,0.9372970966135269,9.687083626528715,0.874474,0.964975,27.95725,62.934633
101,hevc_qsv,CQP,veryslow,4,NNavy,Nature,-hwaccel qsv -c:v mpeg2_qsv,videos/dist/hevc_qsv-default-cqp/f687883a01de,14109.66796875,940.75390625,-q:v 34,12.374990701675415,00:00:12,0.9463567834270495,9.695845669100619,0.888875,0.968201,38.331605,66.345206
102,hevc_qsv,CQP,veryslow,4,ABBB,Anime,-hwaccel qsv -c:v mpeg2_qsv,videos/dist/hevc_qsv-default-cqp/343e58f814d3,7246.6591796875,483.029296875,-q:v 35,12.386030435562134,00:00:12,0.9730039444344327,9.689948738976511,0.948117,0.978957,38.771728,79.53118
103,hevc_qsv,CQP,veryslow,4,ASintel,Anime,-hwaccel qsv -c:v mpeg2_qsv,videos/dist/hevc_qsv-default-cqp/bd2c8f463204,4303.888671875,286.958984375,-q:v 35,12.382727146148682,00:00:12,0.9802669863650014,9.689787926669972,0.903089,0.974527,29.014431,65.062011
104,hevc_qsv,CQP,veryslow,4,AToS,Anime,-hwaccel qsv -c:v mpeg2_qsv,videos/dist/hevc_qsv-default-cqp/0d90a993014d,6730.6806640625,448.763671875,-q:v 35,12.464444637298584,00:00:12,0.974830485075342,9.62626121672153,0.894449,0.97487,43.686275,71.058022
105,hevc_qsv,CQP,veryslow,4,NAir,Nature,-hwaccel qsv -c:v mpeg2_qsv,videos/dist/hevc_qsv-default-cqp/3a83743822a6,3333.4365234375,222.2548828125,-q:v 35,12.281826734542847,00:00:12,0.9804952691368399,9.76939364097503,0.954462,0.982905,45.860297,68.665303
106,hevc_qsv,CQP,veryslow,4,NArmy,Nature,-hwaccel qsv -c:v mpeg2_qsv,videos/dist/hevc_qsv-default-cqp/97aeb0d2f82b,13949.330078125,930.0634765625,-q:v 35,12.37396788597107,00:00:12,0.947014714746475,9.696647114789558,0.843371,0.958182,20.865845,58.484676
107,hevc_qsv,CQP,veryslow,4,NNavy,Nature,-hwaccel qsv -c:v mpeg2_qsv,videos/dist/hevc_qsv-default-cqp/db9724b3fba3,11973.4833984375,798.3251953125,-q:v 35,12.356678009033203,00:00:12,0.9544782935716445,9.710214987578835,0.867311,0.962495,32.929043,62.437297
108,hevc_qsv,CQP,veryslow,4,ABBB,Anime,-hwaccel qsv -c:v mpeg2_qsv,videos/dist/hevc_qsv-default-cqp/020eb860f3a6,6353.4814453125,423.494140625,-q:v 36,12.37185525894165,00:00:12,0.976331308830802,9.701051094439258,0.937218,0.976184,36.752941,77.01133
109,hevc_qsv,CQP,veryslow,4,ASintel,Anime,-hwaccel qsv -c:v mpeg2_qsv,videos/dist/hevc_qsv-default-cqp/6ae729271b5b,3896.359375,259.787109375,-q:v 36,12.345937013626099,00:00:12,0.9821354782766178,9.718662898374788,0.896179,0.971403,24.904644,61.735138
110,hevc_qsv,CQP,veryslow,4,AToS,Anime,-hwaccel qsv -c:v mpeg2_qsv,videos/dist/hevc_qsv-default-cqp/9531c39af2a7,6088.1787109375,405.92578125,-q:v 36,12.461176633834839,00:00:12,0.9772331339760166,9.628785749991826,0.882246,0.97146,41.466442,68.187679
111,hevc_qsv,CQP,veryslow,4,NAir,Nature,-hwaccel qsv -c:v mpeg2_qsv,videos/dist/hevc_qsv-default-cqp/bf6203ec586c,3063.8955078125,204.283203125,-q:v 36,12.286306619644165,00:00:12,0.982072417802904,9.765831483332704,0.948097,0.980751,42.156515,65.998839
112,hevc_qsv,CQP,veryslow,4,NArmy,Nature,-hwaccel qsv -c:v mpeg2_qsv,videos/dist/hevc_qsv-default-cqp/e4c8f96b1173,12267.3544921875,817.9189453125,-q:v 36,12.357620477676392,00:00:12,0.953403548884834,9.709474426468308,0.819952,0.953582,16.926292,55.447567
113,hevc_qsv,CQP,veryslow,4,NNavy,Nature,-hwaccel qsv -c:v mpeg2_qsv,videos/dist/hevc_qsv-default-cqp/69eb9cc8ff95,10471.9072265625,698.2080078125,-q:v 36,12.384392023086548,00:00:12,0.9601871008920628,9.688485294742472,0.855599,0.958262,29.574986,59.700038
114,hevc_qsv,CQP,veryslow,4,ABBB,Anime,-hwaccel qsv -c:v mpeg2_qsv,videos/dist/hevc_qsv-default-cqp/17d0067ca387,5679.3857421875,378.5625,-q:v 37,12.364627361297607,00:00:12,0.9788425246347798,9.706721965246874,0.927357,0.973632,33.841047,74.695777
115,hevc_qsv,CQP,veryslow,4,ASintel,Anime,-hwaccel qsv -c:v mpeg2_qsv,videos/dist/hevc_qsv-default-cqp/342bce203ebf,3566.9140625,237.8212890625,-q:v 37,12.361033916473389,00:00:12,0.9836459608516043,9.706793202799664,0.891991,0.968501,17.515331,58.799873
116,hevc_qsv,CQP,veryslow,4,AToS,Anime,-hwaccel qsv -c:v mpeg2_qsv,videos/dist/hevc_qsv-default-cqp/b747368d8259,5596.81640625,373.1640625,-q:v 37,12.442998886108398,00:00:12,0.9790705931392897,9.642852265618593,0.876683,0.968043,37.467506,65.520288
117,hevc_qsv,CQP,veryslow,4,NAir,Nature,-hwaccel qsv -c:v mpeg2_qsv,videos/dist/hevc_qsv-default-cqp/583607582b89,2819.1865234375,187.966796875,-q:v 37,12.297356843948364,00:00:12,0.9835042683410716,9.757056050548469,0.937569,0.978671,39.367842,63.419007
118,hevc_qsv,CQP,veryslow,4,NArmy,Nature,-hwaccel qsv -c:v mpeg2_qsv,videos/dist/hevc_qsv-default-cqp/2554486bd127,10960.4091796875,730.7783203125,-q:v 37,12.364652156829834,00:00:12,0.9583678640028886,9.703952725732249,0.803761,0.949079,14.040478,52.634812
119,hevc_qsv,CQP,veryslow,4,NNavy,Nature,-hwaccel qsv -c:v mpeg2_qsv,videos/dist/hevc_qsv-default-cqp/7446ec20c66a,9296.275390625,619.8232421875,-q:v 37,12.361161708831787,00:00:12,0.9646567080667268,9.706692851875934,0.844876,0.954153,28.847732,57.211375
120,hevc_qsv,CQP,veryslow,4,ABBB,Anime,-hwaccel qsv -c:v mpeg2_qsv,videos/dist/hevc_qsv-default-cqp/52c52bc4a370,5024.4423828125,334.90625,-q:v 38,12.35917615890503,00:00:12,0.9812823920113976,9.711003262424027,0.911394,0.970093,33.209478,71.591157
121,hevc_qsv,CQP,veryslow,4,ASintel,Anime,-hwaccel qsv -c:v mpeg2_qsv,videos/dist/hevc_qsv-default-cqp/fdb1bec51602,3228.677734375,215.26953125,-q:v 38,12.355100870132446,00:00:12,0.9851967495879297,9.711454504597157,0.883625,0.965008,14.000058,55.4217
122,hevc_qsv,CQP,veryslow,4,AToS,Anime,-hwaccel qsv -c:v mpeg2_qsv,videos/dist/hevc_qsv-default-cqp/8090937f0dac,5065.427734375,337.734375,-q:v 38,12.450733184814453,00:00:12,0.9810577317029961,9.63686220072092,0.868503,0.963872,36.058335,62.398135
123,hevc_qsv,CQP,veryslow,4,NAir,Nature,-hwaccel qsv -c:v mpeg2_qsv,videos/dist/hevc_qsv-default-cqp/25facecf5e47,2561.71484375,170.80078125,-q:v 38,12.280699491500854,00:00:12,0.985010796448591,9.77029037173649,0.926312,0.975689,35.272674,60.286592
124,hevc_qsv,CQP,veryslow,4,NArmy,Nature,-hwaccel qsv -c:v mpeg2_qsv,videos/dist/hevc_qsv-default-cqp/c565343eb0c3,9598.2001953125,639.9541015625,-q:v 38,12.35558295249939,00:00:12,0.9635420932459984,9.711075589171472,0.782245,0.943954,10.260387,49.465951
125,hevc_qsv,CQP,veryslow,4,NNavy,Nature,-hwaccel qsv -c:v mpeg2_qsv,videos/dist/hevc_qsv-default-cqp/1c603c89e06c,8067.109375,537.869140625,-q:v 38,12.356559038162231,00:00:12,0.9693298455867816,9.710308479037971,0.839689,0.949147,25.458,54.347467
